,phrase,label,sentiment,subjectivity,language,count,gnd,geonames,geotype,latitude,longitude,continent,country,ipcc
Philippinen,Philippinen,LOC,-0.13971341,0.09041283,de,97.70000000,4045771-0,1694008,A,13.40882000,122.56155000,ASIA,Philippines,SEA
Jamaika,Jamaika,LOC,-0.17241379,0.11296076,de,84.10000000,127193-3,3489940,A,18.16667000,-77.25000000,CENTRAL-AMERICA,Jamaica,CAR
Deutschland,Deutschland,LOC,-0.04735683,0.14317181,de,45.40000000,4011882-4,2921044,A,51.50000000,10.50000000,EUROPE,Germany,WCE
Vietnam,Vietnam,LOC,-0.03431373,0.00000000,de,40.80000000,4063514-4,1562822,A,16.16667000,107.83333000,ASIA,Vietnam,SEA
Kuba,Kuba,LOC,-0.05052083,0.00000000,de,32.00000000,4033340-1,3562981,A,22.00000000,-79.50000000,CENTRAL-AMERICA,Cuba,CAR
Karibik,Karibik,LOC,-0.10942761,0.10101010,de,29.70000000,4073241-1,7729891,L,20.38583000,-72.33398000,CENTRAL-AMERICA,,CAR
Portugal,Portugal,LOC,-0.05957447,0.00000000,de,23.50000000,4046843-4,2264397,A,39.69450000,-8.13057000,EUROPE-AFRICA,Portugal,MED
Brasiliens,Brasiliens,LOC,-0.43262411,0.12056738,de,23.50000000,,0,,,,,,
Südostasien,Südostasien,LOC,-0.15981735,0.04566210,de,21.90000000,4058448-3,7729896,L,6.83917000,116.45508000,ASIA,,SEA
Baden-Württemberg,Baden-Württemberg,LOC,-0.30833333,0.32407407,de,18.00000000,4004176-1,2953481,A,48.50000000,9.00000000,EUROPE,Germany,WCE
Taiwan,Taiwan,LOC,0.07865169,0.00000000,de,17.80000000,4017875-4,1668284,A,24.00000000,121.00000000,ASIA,Taiwan,EAS
Sturm,Sturm,LOC,-0.14255765,0.08385744,de,15.90000000,,6626207,T,-71.05000000,162.96667000,POLAR,Antarctica,EAN
Rio Bonito do Iguaçu,Rio Bonito do Iguaçu,LOC,-0.09313725,0.09803922,de,13.60000000,,6322957,A,-25.54822000,-52.62154000,SOUTH-AMERICA,Brazil,SES
Karibikinsel,Karibikinsel,LOC,-0.05833333,0.16666667,de,12.00000000,,0,,,,,,
Brasilien,Brasilien,LOC,-0.08403361,0.00000000,de,11.90000000,4008003-1,3469034,A,-10.00000000,-55.00000000,SOUTH-AMERICA,Brazil,SAM
Albufeira,Albufeira,LOC,0.39316239,0.00000000,de,11.70000000,4126599-3,8010512,A,37.08341000,-8.26139000,EUROPE-AFRICA,Portugal,MED
USA,USA,LOC,-0.23275862,0.08620690,de,11.60000000,4078704-7,6255150,L,-14.60485000,-57.65625000,SOUTH-AMERICA,Brazil,SAM
Spanien,Spanien,LOC,-0.18260870,0.00000000,de,11.50000000,4055964-6,2510769,A,40.00000000,-4.00000000,EUROPE-AFRICA,Spain,MED
Portugals,Portugals,LOC,0.49122807,0.08771930,de,11.40000000,,964394,H,-32.35000000,21.01667000,AFRICA,South Africa,WSAF
Haiti,Haiti,LOC,-0.02878788,0.00000000,de,11.00000000,4022974-9,3723988,A,19.07582000,-72.29616000,CENTRAL-AMERICA,Haiti,CAR
Behördenangaben,Behördenangaben,LOC,-0.82516340,0.13071895,de,10.20000000,,0,,,,,,
Bahamas,Bahamas,LOC,-0.42000000,0.10000000,de,10.00000000,502239-3,3572887,A,25.04082000,-77.37122000,NORTH-AMERICA,Bahamas,ENA
Böen,Böen,LOC,-0.05555556,0.00000000,de,9.90000000,,3160910,P,59.75000000,8.78333000,EUROPE,Norway,NEU
Kalifornien,Kalifornien,LOC,-0.21428571,0.00000000,de,9.80000000,4029307-5,11071615,L,34.68743000,-116.78467000,NORTH-AMERICA,United States,WNA
Wirbelsturm,Wirbelsturm,LOC,-0.06589147,0.15503876,de,8.60000000,,0,,,,,,
Stadt,Stadt,LOC,-0.01219512,0.04065041,de,8.20000000,,2950159,P,52.52437000,13.41053000,EUROPE,Germany,WCE
Ibiza,Ibiza,LOC,-0.06790123,0.00000000,de,8.10000000,4026432-4,6299339,S,38.87286000,1.37312000,EUROPE-AFRICA,Spain,MED
Glatteis,Glatteis,LOC,-0.04320988,0.55555556,de,8.10000000,,0,,,,,,
Schneeverwehungen,Schneeverwehungen,LOC,-0.04320988,0.55555556,de,8.10000000,,0,,,,,,
Bäume,Bäume,LOC,-0.58750000,0.00000000,de,8.00000000,,0,,,,,,
Deutschlands,Deutschlands,LOC,-0.65384615,0.00000000,de,7.80000000,,0,,,,,,
Orkanböen,Orkanböen,LOC,-0.57894737,0.00000000,de,7.60000000,,0,,,,,,
Asien,Asien,LOC,-0.11486486,0.13513514,de,7.40000000,4003217-6,6255147,L,29.84064000,89.29688000,ASIA,China,TIB
…,…,LOC,0.14285714,0.00000000,de,7.00000000,,0,,,,,,
Bermuda,Bermuda,LOC,-0.20000000,0.00000000,de,7.00000000,4005759-8,3573345,A,32.33022000,-64.74003000,ATLANTIC,Bermuda,NAO
Paris,Paris,LOC,0.00000000,0.00000000,de,7.00000000,4044660-8,2988507,P,48.85341000,2.34880000,EUROPE,France,WCE
Frankreich,Frankreich,LOC,0.00000000,0.00000000,de,6.80000000,4018145-5,3017382,A,46.00000000,2.00000000,EUROPE,France,WCE
China,China,LOC,-0.23333333,0.00000000,de,6.00000000,4009937-4,1814991,A,35.00000000,105.00000000,ASIA,China,EAS
Nordseeküste,Nordseeküste,LOC,-0.28333333,0.00000000,de,6.00000000,4075482-0,12076810,L,53.83568000,8.11677000,EUROPE,Germany,NEU
Bualoi,Bualoi,LOC,0.00000000,0.00000000,de,6.00000000,,9028703,S,14.41350000,100.83886000,ASIA,Thailand,SEA
Notunterkünften,Notunterkünften,LOC,0.00000000,0.00000000,de,6.00000000,,0,,,,,,
Feldberg,Feldberg,LOC,-0.05833333,0.41666667,de,6.00000000,,2927445,T,47.87399000,8.00371000,EUROPE,Germany,WCE
Rheinland-Pfalz,Rheinland-Pfalz,LOC,0.12280702,0.00000000,de,5.70000000,4049795-1,2847618,A,49.66667000,7.50000000,EUROPE,Germany,WCE
Bayern,Bayern,LOC,0.00000000,0.00000000,de,5.60000000,4005044-0,2951839,A,49.00000000,11.50000000,EUROPE,Germany,WCE
Harz,Harz,LOC,-0.20000000,0.00000000,de,5.00000000,4023568-3,2909965,T,51.75619000,10.63462000,EUROPE,Germany,WCE
Nordsee,Nordsee,LOC,0.22000000,0.00000000,de,5.00000000,4042579-4,2960848,H,55.33333000,3.00000000,EUROPE,,NEU
Saarland,Saarland,LOC,0.29787234,0.00000000,de,4.70000000,4076919-7,2842635,A,49.40472000,6.96083000,EUROPE,Germany,WCE
Landes,Landes,LOC,-0.40217391,0.00000000,de,4.60000000,,3007868,L,44.25000000,-1.00000000,EUROPE-AFRICA,France,MED
den USA,den USA,LOC,-0.68888889,0.17777778,de,4.50000000,4011446-6,2747373,P,52.07667000,4.29861000,EUROPE,The Netherlands,NEU
Starkregen,Starkregen,LOC,-0.44444444,0.00000000,de,4.50000000,,0,,,,,,
Europa,Europa,LOC,-0.03571429,0.19047619,de,4.20000000,4015701-5,6255148,L,48.69096000,9.14062000,EUROPE,Germany,WCE
Toten,Toten,LOC,-0.70000000,0.00000000,de,4.00000000,4843549-1,3143158,A,60.67659000,10.81997000,EUROPE,Norway,NEU
Mount Everest,Mount Everest,LOC,-0.60000000,0.00000000,de,4.00000000,4040417-1,1283416,T,27.98791000,86.92529000,ASIA,China,TIB
Atlantik,Atlantik,LOC,-0.48717949,0.12820513,de,3.90000000,4003388-0,2395914,P,6.44852000,2.35566000,AFRICA,Benin,WAF
Sturmböen,Sturmböen,LOC,0.00000000,0.00000000,de,3.90000000,,0,,,,,,
Thailand,Thailand,LOC,0.36842105,0.00000000,de,3.80000000,4078228-1,1605651,A,15.50000000,101.00000000,ASIA,Thailand,SEA
Hurrikan-Katastrophe,Hurrikan-Katastrophe,LOC,0.00000000,0.26315789,de,3.80000000,,0,,,,,,
Überschwemmungen,Überschwemmungen,LOC,0.42982456,0.00000000,de,3.80000000,,0,,,,,,
"Sturmtief ""Elli","Sturmtief ""Elli",LOC,-0.09459459,0.94594595,de,3.70000000,,0,,,,,,
Algarve,Algarve,LOC,-0.18918919,0.00000000,de,3.70000000,4001155-0,10227214,L,37.08367000,-8.24902000,EUROPE-AFRICA,Portugal,MED
Schweden,Schweden,LOC,-0.20588235,0.00000000,de,3.40000000,4077258-5,2661886,A,62.00000000,15.00000000,EUROPE,Sweden,NEU
Kaliforniens,Kaliforniens,LOC,0.00000000,0.00000000,de,3.40000000,,0,,,,,,
Unwetter,Unwetter,LOC,-0.50000000,0.29411765,de,3.40000000,,0,,,,,,
Stromausfall,Stromausfall,LOC,-0.61764706,0.00000000,de,3.40000000,,0,,,,,,
Teneriffa,Teneriffa,LOC,0.16176471,0.00000000,de,3.40000000,4277900-5,2511174,P,28.46824000,-16.25462000,AFRICA,Spain,SAH
Irland,Irland,LOC,0.45161290,0.00000000,de,3.10000000,4027667-3,2963597,A,53.00000000,-8.00000000,EUROPE,Ireland,NEU
Staaten,Staaten,LOC,0.05000000,0.00000000,de,3.00000000,4078704-7,6252001,A,39.76000000,-98.50000000,NORTH-AMERICA,United States,CNA
Nordrhein-Westfalen,Nordrhein-Westfalen,LOC,0.18333333,0.00000000,de,3.00000000,4031483-2,2886242,P,50.93333000,6.95000000,EUROPE,Germany,WCE
Sturmtief Joshua,Sturmtief Joshua,LOC,-0.46666667,0.00000000,de,3.00000000,,0,,,,,,
Windböen,Windböen,LOC,0.00000000,0.00000000,de,3.00000000,,0,,,,,,
Dächer,Dächer,LOC,-0.23333333,0.00000000,de,3.00000000,,0,,,,,,
Hurrikan,Hurrikan,LOC,0.00000000,0.00000000,de,3.00000000,,0,,,,,,
Melissa,Melissa,LOC,-0.33333333,0.00000000,de,3.00000000,,4710574,P,33.28595000,-96.57277000,NORTH-AMERICA,United States,CNA
Schneefallgrenze,Schneefallgrenze,LOC,0.00000000,0.00000000,de,3.00000000,,0,,,,,,
München,München,LOC,0.80000000,0.33333333,de,3.00000000,4245720-8,2867714,P,48.13743000,11.57549000,EUROPE,Germany,WCE
US-Präsident,US-Präsident,LOC,0.00000000,0.00000000,de,3.00000000,,0,,,,,,
Flughafen Hongkong,Flughafen Hongkong,LOC,-0.23333333,0.00000000,de,3.00000000,4702948-1,6301089,S,22.31546000,113.93372000,ASIA,Hong Kong,EAS
Nordatlantik,Nordatlantik,LOC,0.23333333,0.00000000,de,3.00000000,,0,,,,,,
Hongkong,Hongkong,LOC,-0.23333333,0.00000000,de,3.00000000,4025822-1,1819729,P,22.27832000,114.17469000,ASIA,Hong Kong,EAS
Ukraine,Ukraine,LOC,0.00000000,0.00000000,de,2.90000000,4061496-7,690791,A,49.00000000,32.00000000,EUROPE,Ukraine,WCE
Tropensturm,Tropensturm,LOC,0.24137931,0.00000000,de,2.90000000,,0,,,,,,
Schneesturm,Schneesturm,LOC,-0.48275862,0.00000000,de,2.90000000,,0,,,,,,
Hamburg,Hamburg,LOC,0.00000000,0.00000000,de,2.80000000,4239189-1,2911298,P,53.55073000,9.99302000,EUROPE,Germany,NEU
North Carolina,North Carolina,LOC,0.00000000,0.00000000,de,2.80000000,4042551-4,4563243,P,18.38078000,-65.95739000,CENTRAL-AMERICA,Puerto Rico,CAR
Nordaustralien,Nordaustralien,LOC,0.50000000,0.00000000,de,2.80000000,,0,,,,,,
Darwin,Darwin,LOC,0.00000000,0.00000000,de,2.80000000,4011096-5,2073124,P,-12.46113000,130.84185000,OCEANIA,Australia,NAU
Trab,Trab,LOC,-0.25000000,0.00000000,de,2.80000000,,2596174,L,31.14459000,-6.56317000,EUROPE-AFRICA,Morocco,MED
“,“,LOC,0.00000000,0.35714286,de,2.80000000,,0,,,,,,
Mitteldeutschland,Mitteldeutschland,LOC,0.00000000,0.00000000,de,2.80000000,,0,,,,,,
Tornados,Tornados,LOC,-1.07142857,0.00000000,de,2.80000000,,0,,,,,,
Formentera,Formentera,LOC,-0.20370370,0.00000000,de,2.70000000,4017869-9,2517690,T,38.69467000,1.46919000,EUROPE-AFRICA,Spain,MED
Guatemala,Guatemala,LOC,-0.38461538,0.00000000,de,2.60000000,4022428-4,3595528,A,15.50000000,-90.25000000,CENTRAL-AMERICA,Guatemala,SCA
Notstand,Notstand,LOC,0.00000000,0.00000000,de,2.60000000,,0,,,,,,
Los Angeles,Los Angeles,LOC,0.00000000,0.00000000,de,2.60000000,4036361-2,5368361,P,34.05223000,-118.24368000,NORTH-AMERICA,United States,WNA
Indonesien,Indonesien,LOC,-0.19230769,0.19230769,de,2.60000000,4026761-1,1643084,A,-5.00000000,120.00000000,ASIA,Indonesia,SEA
Flughäfen,Flughäfen,LOC,-0.80769231,0.00000000,de,2.60000000,,0,,,,,,
Sumatra,Sumatra,LOC,0.00000000,0.76923077,de,2.60000000,4058586-4,1626198,T,0.00000000,102.00000000,ASIA,Indonesia,SEA
Wintersturms,Wintersturms,LOC,-0.80769231,0.00000000,de,2.60000000,,0,,,,,,
Tunesien,Tunesien,LOC,0.00000000,0.00000000,de,2.60000000,4061206-5,2464461,A,34.00000000,9.00000000,EUROPE-AFRICA,Tunisia,MED
Israel,Israel,LOC,0.00000000,0.00000000,de,2.60000000,4027808-6,294640,A,31.50000000,34.75000000,EUROPE-AFRICA,Israel,MED
Wintersturm,Wintersturm,LOC,0.00000000,0.00000000,de,2.60000000,,0,,,,,,
Erde,Erde,LOC,1.52173913,0.00000000,de,2.30000000,1135962553,6295630,L,0.00000000,0.00000000,ATLANTIC,,EAO
Großbritannien,Großbritannien,LOC,0.00000000,0.00000000,de,2.20000000,4022153-2,2635167,A,54.75844000,-2.69531000,EUROPE,United Kingdom,NEU
Großbritanniens,Großbritanniens,LOC,0.47727273,1.13636364,de,2.20000000,,0,,,,,,
Sri Lanka,Sri Lanka,LOC,-0.23809524,0.23809524,de,2.10000000,4009696-8,1227603,A,7.75000000,80.75000000,INDIAN,Sri Lanka,BOB
Karibikstaat,Karibikstaat,LOC,0.70000000,0.00000000,de,2.00000000,,0,,,,,,
Monstersturm,Monstersturm,LOC,0.00000000,0.00000000,de,2.00000000,,0,,,,,,
Küste,Küste,LOC,0.00000000,0.00000000,de,2.00000000,4014426-4,2287781,A,8.00000000,-5.50000000,AFRICA,Ivory Coast,WAF
Beaufort-Skala,Beaufort-Skala,LOC,-0.27500000,0.00000000,de,2.00000000,,0,,,,,,
Herbststurm,Herbststurm,LOC,-1.00000000,0.00000000,de,2.00000000,,0,,,,,,
NRW,NRW,LOC,-0.35000000,0.00000000,de,2.00000000,4031483-2,2886242,P,50.93333000,6.95000000,EUROPE,Germany,WCE
Regen,Regen,LOC,-1.00000000,0.00000000,de,2.00000000,4048975-9,2849495,P,48.97190000,13.12824000,EUROPE,Germany,WCE
Häfen,Häfen,LOC,-0.17500000,0.75000000,de,2.00000000,,12144770,A,53.10737000,8.74252000,EUROPE,Germany,NEU
offene Meer,offene Meer,LOC,0.00000000,0.00000000,de,2.00000000,,0,,,,,,
Milliardenhöhe,Milliardenhöhe,LOC,0.00000000,0.00000000,de,2.00000000,,0,,,,,,
Hilfsgüter,Hilfsgüter,LOC,-0.23333333,1.16666667,de,2.00000000,,0,,,,,,
Mecklenburg-Vorpommern,Mecklenburg-Vorpommern,LOC,-0.85000000,0.00000000,de,2.00000000,4242861-0,2872567,A,53.83333000,12.50000000,EUROPE,Germany,WCE
Gewittern,Gewittern,LOC,-1.00000000,0.00000000,de,2.00000000,,0,,,,,,
Trümmer,Trümmer,LOC,0.00000000,0.00000000,de,2.00000000,,9881537,T,50.91011000,6.91450000,EUROPE,Germany,WCE
Tropensturm Bualoi,Tropensturm Bualoi,LOC,-0.70000000,0.00000000,de,2.00000000,,0,,,,,,
Meere,Meere,LOC,0.00000000,0.00000000,de,2.00000000,,13240496,L,54.32137000,8.60521000,EUROPE,Germany,NEU
Wirbelsturm in der Karibik,Wirbelsturm in der Karibik,LOC,0.00000000,0.00000000,de,2.00000000,,0,,,,,,
Jamaicas,Jamaicas,LOC,0.00000000,0.00000000,de,2.00000000,,0,,,,,,
Samar,Samar,LOC,0.00000000,0.00000000,de,2.00000000,4287642-4,499099,P,53.20007000,50.15000000,EUROPE,Russia,EEU
Ermont,Ermont,LOC,0.00000000,0.00000000,de,2.00000000,4577324-5,3019897,P,48.99004000,2.25804000,EUROPE,France,WCE
Ragasa,Ragasa,LOC,0.00000000,0.00000000,de,2.00000000,,0,,,,,,
US-Bundesstaat Kalifornien,US-Bundesstaat Kalifornien,LOC,0.00000000,0.00000000,de,1.90000000,,0,,,,,,
Gaza,Gaza,LOC,1.57894737,0.00000000,de,1.90000000,4092680-1,281133,P,31.50161000,34.46672000,EUROPE-AFRICA,Palestinian Territory,MED
Alarmstufe Rot,Alarmstufe Rot,LOC,-0.89473684,0.00000000,de,1.90000000,,0,,,,,,
Mallorca,Mallorca,LOC,0.00000000,0.00000000,de,1.90000000,4115833-7,2512989,P,39.56939000,2.65024000,EUROPE-AFRICA,Spain,MED
Orkan,Orkan,LOC,0.00000000,0.00000000,de,1.90000000,,11070241,L,28.98656000,64.52674000,ASIA,Pakistan,SAS
Orkan-Böen,Orkan-Böen,LOC,0.52631579,0.00000000,de,1.90000000,,0,,,,,,
Verdachtsfälle,Verdachtsfälle,LOC,0.00000000,0.00000000,de,1.90000000,,0,,,,,,
Australien,Australien,LOC,0.00000000,0.00000000,de,1.90000000,4003900-6,2077456,A,-25.00000000,135.00000000,OCEANIA,Australia,CAU
Paraná,Paraná,LOC,-0.29824561,0.17543860,de,1.90000000,,3455077,A,-24.50000000,-51.33333000,SOUTH-AMERICA,Brazil,SES
Anmarsch,Anmarsch,LOC,0.00000000,0.00000000,de,1.90000000,,0,,,,,,
Wetterphänomens,Wetterphänomens,LOC,0.00000000,0.00000000,de,1.90000000,,0,,,,,,
Arcadia Bay,Arcadia Bay,LOC,-0.52631579,0.00000000,de,1.90000000,,8219727,P,-19.14884000,146.86601000,OCEANIA,Australia,NAU
Eisblöcke,Eisblöcke,LOC,0.00000000,0.00000000,de,1.90000000,,0,,,,,,
Kambodscha,Kambodscha,LOC,-0.36842105,0.52631579,de,1.90000000,4029400-6,1831722,A,13.00000000,105.00000000,ASIA,Cambodia,SEA
Nässe,Nässe,LOC,-0.36842105,0.00000000,de,1.90000000,,12060664,P,63.18374000,17.11035000,EUROPE,Sweden,NEU
Südspanien,Südspanien,LOC,0.00000000,0.00000000,de,1.80000000,,0,,,,,,
Menschenleere Straßen,Menschenleere Straßen,LOC,-0.77777778,0.00000000,de,1.80000000,,0,,,,,,
Milliardenschäden,Milliardenschäden,LOC,-0.94444444,0.00000000,de,1.80000000,,0,,,,,,
Gazastreifen,Gazastreifen,LOC,0.00000000,0.00000000,de,1.80000000,4019325-1,281133,P,31.50161000,34.46672000,EUROPE-AFRICA,Palestinian Territory,MED
Todesfälle,Todesfälle,LOC,0.00000000,0.00000000,de,1.80000000,,0,,,,,,
Südwestfrankreich,Südwestfrankreich,LOC,0.00000000,0.00000000,de,1.80000000,,0,,,,,,
Katalonien,Katalonien,LOC,0.00000000,0.00000000,de,1.80000000,4029916-8,3125609,L,42.00000000,2.00000000,EUROPE-AFRICA,Spain,MED
Iran,Iran,LOC,0.00000000,0.00000000,de,1.80000000,4027653-3,130758,A,32.00000000,53.00000000,ASIA,Iran,WCA
Russland,Russland,LOC,0.00000000,0.00000000,de,1.80000000,4076899-5,2017370,A,60.00000000,100.00000000,ASIA,Russia,ESB
Amerika,Amerika,LOC,0.00000000,0.00000000,de,1.80000000,4001670-5,6255150,L,-14.60485000,-57.65625000,SOUTH-AMERICA,Brazil,SAM
Mittelmeer,Mittelmeer,LOC,0.00000000,0.00000000,de,1.80000000,4074895-9,363196,H,35.00000000,20.00000000,EUROPE-AFRICA,,MED
Louisiana,Louisiana,LOC,-0.55555556,0.00000000,de,1.80000000,4036394-6,4331987,A,31.00047000,-92.00040000,NORTH-AMERICA,United States,CNA
Irlands,Irlands,LOC,-0.21875000,1.56250000,de,1.60000000,,6640368,H,53.66667000,-5.00000000,EUROPE,,NEU
Offshore-Windparks,Offshore-Windparks,LOC,0.46666667,0.00000000,de,1.50000000,,0,,,,,,
Zentrum von Fung-Wong,Zentrum von Fung-Wong,LOC,0.00000000,0.00000000,de,1.10000000,,0,,,,,,
Belém,Belém,LOC,0.00000000,0.00000000,de,1.10000000,4208294-8,3405870,P,-1.45583000,-48.50444000,SOUTH-AMERICA,Brazil,NES
Landgang am Sonntag,Landgang am Sonntag,LOC,0.00000000,0.00000000,de,1.10000000,,0,,,,,,
Supertaifun Fung-Wong,Supertaifun Fung-Wong,LOC,0.00000000,0.00000000,de,1.10000000,,0,,,,,,
Space Weather Prediction Center,Space Weather Prediction Center,LOC,0.00000000,0.00000000,de,1.10000000,,0,,,,,,
Regierungsangaben,Regierungsangaben,LOC,0.00000000,0.00000000,de,1.10000000,,0,,,,,,
Notunterkünfte,Notunterkünfte,LOC,1.27272727,0.00000000,de,1.10000000,,0,,,,,,
Naturkatastrophe,Naturkatastrophe,LOC,0.63636364,0.00000000,de,1.10000000,,0,,,,,,
Sturm Kalmaegi,Sturm Kalmaegi,LOC,0.63636364,0.00000000,de,1.10000000,,0,,,,,,
Bieberbach,Bieberbach,LOC,0.00000000,0.00000000,de,1.00000000,,2949259,H,50.99261000,10.53407000,EUROPE,Germany,WCE
Landkreis Coburg,Landkreis Coburg,LOC,0.00000000,0.00000000,de,1.00000000,4101145-4,2864053,P,50.32975000,11.12058000,EUROPE,Germany,WCE
B…,B…,LOC,0.00000000,0.00000000,de,1.00000000,,0,,,,,,
Lindau,Lindau,LOC,0.00000000,0.00000000,de,1.00000000,4074242-8,2877550,P,47.54612000,9.68431000,EUROPE,Germany,WCE
Warnungen,Warnungen,LOC,0.00000000,0.00000000,de,1.00000000,,0,,,,,,
lby,lby,LOC,0.00000000,0.00000000,de,1.00000000,,7898825,T,50.38527000,109.87245000,ASIA,Russia,ESB
Land fegen,Land fegen,LOC,-0.70000000,0.00000000,de,1.00000000,,0,,,,,,
Wolfsburg,Wolfsburg,LOC,1.00000000,0.00000000,de,1.00000000,4066874-5,2806654,P,52.42452000,10.78150000,EUROPE,Germany,WCE
Sonnefeld,Sonnefeld,LOC,0.00000000,0.00000000,de,1.00000000,4118728-3,2831239,P,50.21667000,11.13333000,EUROPE,Germany,WCE
Brasiliens …,Brasiliens …,LOC,0.00000000,0.00000000,de,1.00000000,,0,,,,,,
Super-Taifun,Super-Taifun,LOC,0.00000000,0.00000000,de,1.00000000,,0,,,,,,
San Diego,San Diego,LOC,0.00000000,0.00000000,de,1.00000000,4269521-1,5391811,P,32.71571000,-117.16472000,CENTRAL-AMERICA,United States,NCA
Tornardo,Tornardo,LOC,0.00000000,0.00000000,de,1.00000000,,0,,,,,,
Puerto de la Cruz,Puerto de la Cruz,LOC,0.00000000,0.00000000,de,1.00000000,4242802-6,3629672,P,10.21382000,-64.63280000,SOUTH-AMERICA,Venezuela,NSA
Heftiger Tornado,Heftiger Tornado,LOC,0.00000000,0.00000000,de,1.00000000,,0,,,,,,
Südbrasilien,Südbrasilien,LOC,0.00000000,0.00000000,de,1.00000000,,0,,,,,,
Trümmern,Trümmern,LOC,0.00000000,0.00000000,de,1.00000000,,0,,,,,,
Bundesstaat,Bundesstaat,LOC,0.00000000,0.00000000,de,1.00000000,,2081114,P,7.44648000,151.84135000,PACIFIC,Micronesia,EPO
Behörde…,Behörde…,LOC,0.00000000,0.00000000,de,1.00000000,,0,,,,,,
Allrounder,Allrounder,LOC,0.00000000,0.00000000,de,1.00000000,,0,,,,,,
Populus tremula,Populus tremula,LOC,-0.35000000,0.40000000,de,1.00000000,,0,,,,,,
Provinz Aurora,Provinz Aurora,LOC,0.00000000,0.00000000,de,1.00000000,,3346897,P,-11.96667000,15.96667000,AFRICA,Angola,WSAF
Landes auf Land,Landes auf Land,LOC,0.00000000,0.00000000,de,1.00000000,,0,,,,,,
Supertaifun Fung-wong,Supertaifun Fung-wong,LOC,-0.70000000,0.00000000,de,1.00000000,,0,,,,,,
"Neurath
Deutschlan…","Neurath
Deutschlan…",LOC,0.00000000,0.00000000,de,1.00000000,,0,,,,,,
Ursachen,Ursachen,LOC,0.00000000,0.00000000,de,1.00000000,,0,,,,,,
Algarve-Sturm,Algarve-Sturm,LOC,0.00000000,0.00000000,de,1.00000000,,0,,,,,,
Klein…,Klein…,LOC,0.00000000,0.00000000,de,1.00000000,,0,,,,,,
Stromnetzen,Stromnetzen,LOC,0.00000000,0.00000000,de,1.00000000,,0,,,,,,
Sean OKelley,Sean OKelley,LOC,0.00000000,0.00000000,de,1.00000000,,0,,,,,,
Amsterdam,Amsterdam,LOC,0.00000000,0.00000000,de,1.00000000,4001783-7,2759794,P,52.37403000,4.88969000,EUROPE,The Netherlands,NEU
Lissabon,Lissabon,LOC,0.70000000,0.00000000,de,1.00000000,4035919-0,2267057,P,38.72509000,-9.14980000,EUROPE-AFRICA,Portugal,MED
Stadt Albufeira,Stadt Albufeira,LOC,0.70000000,0.00000000,de,1.00000000,,0,,,,,,
Kelly Family,Kelly Family,LOC,0.00000000,0.00000000,de,1.00000000,,0,,,,,,
Band-Geheimnis,Band-Geheimnis,LOC,0.00000000,0.00000000,de,1.00000000,,0,,,,,,
Bicol,Bicol,LOC,0.70000000,0.00000000,de,1.00000000,4225458-9,7521310,A,13.31389000,123.56389000,ASIA,Philippines,SEA
Lusa,Lusa,LOC,0.00000000,0.00000000,de,1.00000000,103140791X,3186535,P,46.18333000,14.21667000,EUROPE,Slovenia,WCE
Urlaubsort,Urlaubsort,LOC,0.00000000,0.00000000,de,1.00000000,,0,,,,,,
Touristenort,Touristenort,LOC,0.00000000,0.00000000,de,1.00000000,,0,,,,,,
Campingplatz,Campingplatz,LOC,0.00000000,0.00000000,de,1.00000000,,12225188,P,49.73318000,9.51638000,EUROPE,Germany,WCE
Tibet,Tibet,LOC,0.00000000,0.00000000,de,1.00000000,4111286-6,1280737,P,29.65000000,91.10000000,ASIA,China,TIB
"Sturm ""Bram","Sturm ""Bram",LOC,0.00000000,0.00000000,de,1.00000000,,0,,,,,,
Sachsen-Anhalt,Sachsen-Anhalt,LOC,0.00000000,0.00000000,de,1.00000000,4036934-1,2874545,P,52.13129000,11.63189000,EUROPE,Germany,WCE
Berga,Berga,LOC,0.00000000,0.00000000,de,1.00000000,4080362-4,3128201,P,42.10429000,1.84628000,EUROPE-AFRICA,Spain,MED
Sturm-Chaos,Sturm-Chaos,LOC,0.00000000,0.00000000,de,1.00000000,,0,,,,,,
IbizaHEUTE,IbizaHEUTE,LOC,-0.70000000,0.00000000,de,1.00000000,,0,,,,,,
Italien,Italien,LOC,0.00000000,0.00000000,de,1.00000000,4027833-5,3175395,A,42.83333000,12.83333000,EUROPE-AFRICA,Italy,MED
Sturm am Mittelmeer,Sturm am Mittelmeer,LOC,0.00000000,0.00000000,de,1.00000000,,0,,,,,,
Griechenland,Griechenland,LOC,0.00000000,0.00000000,de,1.00000000,4022047-3,390903,A,39.00000000,22.00000000,EUROPE-AFRICA,Greece,MED
Megasturm,Megasturm,LOC,0.00000000,0.00000000,de,1.00000000,,0,,,,,,
US-Amerikaner,US-Amerikaner,LOC,0.00000000,0.00000000,de,1.00000000,,0,,,,,,
Amerikaner,Amerikaner,LOC,0.00000000,0.00000000,de,1.00000000,,0,,,,,,
Protesten,Protesten,LOC,0.00000000,0.00000000,de,1.00000000,,0,,,,,,
Teheran,Teheran,LOC,-0.70000000,0.00000000,de,1.00000000,4059304-6,112931,P,35.69439000,51.42151000,ASIA,Iran,WCA
US-Wintersturm,US-Wintersturm,LOC,-1.00000000,0.00000000,de,1.00000000,,0,,,,,,
Caddo Parish,Caddo Parish,LOC,0.00000000,0.00000000,de,1.00000000,4192961-5,4341513,P,32.52515000,-93.75018000,NORTH-AMERICA,United States,CNA
Mi…,Mi…,LOC,0.00000000,0.00000000,de,1.00000000,,0,,,,,,
Formenetra,Formenetra,LOC,0.00000000,0.00000000,de,1.00000000,,0,,,,,,
US-Wäldern,US-Wäldern,LOC,0.00000000,0.00000000,de,1.00000000,,0,,,,,,
Urlaubslandes,Urlaubslandes,LOC,0.00000000,0.00000000,de,1.00000000,,0,,,,,,
Bordeaux,Bordeaux,LOC,-1.00000000,0.00000000,de,1.00000000,4088072-2,3031582,P,44.84124000,-0.58046000,EUROPE-AFRICA,France,MED
US-Küste,US-Küste,LOC,0.00000000,0.00000000,de,1.00000000,,0,,,,,,
Schnees,Schnees,LOC,-0.56666667,0.33333333,de,1.00000000,,0,,,,,,
meterhohe Wellen…,meterhohe Wellen…,LOC,0.00000000,0.00000000,de,1.00000000,,0,,,,,,
Evakuierungen,Evakuierungen,LOC,-0.70000000,0.00000000,de,1.00000000,,0,,,,,,
Tote,Tote,LOC,-0.70000000,0.00000000,de,1.00000000,,1025675,P,-19.53333000,35.15000000,AFRICA,Mozambique,ESAF
Serpa,Serpa,LOC,-1.00000000,0.00000000,de,1.00000000,4420460-7,8010444,A,37.95201000,-7.47534000,EUROPE-AFRICA,Portugal,MED
Leonardo,Leonardo,LOC,0.00000000,0.00000000,de,1.00000000,,3645214,S,11.41487000,-69.68166000,SOUTH-AMERICA,Venezuela,NSA
Insel…,Insel…,LOC,0.00000000,0.00000000,de,1.00000000,,0,,,,,,
Schaltfläche,Schaltfläche,LOC,0.00000000,0.00000000,de,1.00000000,,0,,,,,,
Südspaniens,Südspaniens,LOC,0.00000000,1.00000000,de,1.00000000,,0,,,,,,
Ausnahmezustand,Ausnahmezustand,LOC,0.00000000,1.00000000,de,1.00000000,,0,,,,,,
Münchens,Münchens,LOC,0.00000000,0.00000000,de,1.00000000,,6544563,S,48.14912000,11.56729000,EUROPE,Germany,WCE
Barcelona,Barcelona,LOC,0.70000000,0.00000000,de,1.00000000,4004503-1,3128760,P,41.38879000,2.15899000,EUROPE-AFRICA,Spain,MED
Bremerhaven,Bremerhaven,LOC,0.00000000,0.00000000,de,1.00000000,19634-4,2944368,P,53.55357000,8.57553000,EUROPE,Germany,NEU
Landkreis Dingolfing-Landau,Landkreis Dingolfing-Landau,LOC,0.00000000,0.00000000,de,1.00000000,4247447-4,2881650,P,48.67249000,12.69316000,EUROPE,Germany,WCE
Doppelzyklon,Doppelzyklon,LOC,0.00000000,0.00000000,de,1.00000000,,0,,,,,,
Zyklon Fina,Zyklon Fina,LOC,-1.00000000,0.00000000,de,1.00000000,,0,,,,,,
Nordaustraliens,Nordaustraliens,LOC,-1.00000000,0.00000000,de,1.00000000,,0,,,,,,
Hessen,Hessen,LOC,0.00000000,0.00000000,de,1.00000000,4024729-6,2905330,A,50.55000000,9.00000000,EUROPE,Germany,WCE
Kultfilm,Kultfilm,LOC,0.00000000,0.00000000,de,1.00000000,,0,,,,,,
Malaysia,Malaysia,LOC,0.00000000,0.00000000,de,1.00000000,4037203-0,1733045,A,2.50000000,112.50000000,ASIA,Malaysia,SEA
Asiens,Asiens,LOC,-0.50000000,0.50000000,de,1.00000000,,0,,,,,,
Sri Lank…,Sri Lank…,LOC,0.00000000,0.00000000,de,1.00000000,,0,,,,,,
Essener,Essener,LOC,0.00000000,0.00000000,de,1.00000000,,2928795,L,52.34783000,8.32122000,EUROPE,Germany,WCE
Südchinesischen Meer,Südchinesischen Meer,LOC,0.00000000,0.00000000,de,1.00000000,,0,,,,,,
"Sturm ""Br…","Sturm ""Br…",LOC,0.00000000,0.00000000,de,1.00000000,,0,,,,,,
Na…,Na…,LOC,0.00000000,0.00000000,de,1.00000000,,0,,,,,,
Israels,Israels,LOC,1.00000000,0.00000000,de,1.00000000,,4832418,T,43.24398000,-70.58866000,NORTH-AMERICA,United States,ENA
Monsunregen,Monsunregen,LOC,0.00000000,0.00000000,de,1.00000000,,0,,,,,,
Kiew,Kiew,LOC,1.00000000,0.00000000,de,1.00000000,4030522-3,703448,P,50.45466000,30.52380000,EUROPE,Ukraine,WCE
text/plain,text/plain,LOC,0.00000000,0.00000000,de,1.00000000,,0,,,,,,
Südkalifornien,Südkalifornien,LOC,0.00000000,0.00000000,de,1.00000000,4096903-4,5404905,S,34.02180000,-118.28664000,NORTH-AMERICA,United States,WNA
Stromausfälle,Stromausfälle,LOC,0.00000000,0.00000000,de,1.00000000,,0,,,,,,
Notstands,Notstands,LOC,0.00000000,0.00000000,de,1.00000000,,0,,,,,,
Essen,Essen,LOC,0.00000000,0.00000000,de,1.00000000,4015557-2,2928810,P,51.45657000,7.01228000,EUROPE,Germany,WCE
KaliforniensÜberschwemmungen,KaliforniensÜberschwemmungen,LOC,0.00000000,0.00000000,de,1.00000000,,0,,,,,,
Weihnachts-Unwettern,Weihnachts-Unwettern,LOC,0.00000000,0.00000000,de,1.00000000,,0,,,,,,
chinesische Küste,chinesische Küste,LOC,-0.70000000,0.00000000,de,1.00000000,,0,,,,,,
London,London,LOC,0.00000000,0.00000000,de,1.00000000,4074335-4,2643743,P,51.50853000,-0.12574000,EUROPE,United Kingdom,NEU
No…,No…,LOC,0.00000000,0.00000000,de,1.00000000,,0,,,,,,
Sturm China,Sturm China,LOC,0.00000000,0.00000000,de,1.00000000,,2097686,T,-1.66613000,149.96714000,PACIFIC,Papua New Guinea,EPO
Wütet,Wütet,LOC,0.00000000,0.00000000,de,1.00000000,,0,,,,,,
Sonntag Orkanböen,Sonntag Orkanböen,LOC,0.00000000,0.00000000,de,1.00000000,,0,,,,,,
aufgestauter See,aufgestauter See,LOC,0.00000000,0.00000000,de,1.00000000,,0,,,,,,
Nachspielzeit,Nachspielzeit,LOC,0.00000000,0.00000000,de,1.00000000,,0,,,,,,
Taifun-Stärke,Taifun-Stärke,LOC,0.00000000,0.00000000,de,1.00000000,,0,,,,,,
Kalmaegi,Kalmaegi,LOC,0.00000000,0.00000000,de,1.00000000,,2043622,P,40.31731000,125.83860000,ASIA,North Korea,EAS
Nordseeinseln,Nordseeinseln,LOC,0.00000000,0.00000000,de,1.00000000,,0,,,,,,
"Sturmtief ""Joshua","Sturmtief ""Joshua",LOC,0.00000000,0.00000000,de,1.00000000,,0,,,,,,
Schwarzwalde…,Schwarzwalde…,LOC,0.00000000,0.00000000,de,1.00000000,,0,,,,,,
Westpfalz,Westpfalz,LOC,0.00000000,0.00000000,de,1.00000000,4065806-5,11777630,S,49.25150000,7.52769000,EUROPE,Germany,WCE
Sturmtief «Joshua,Sturmtief «Joshua,LOC,0.00000000,0.00000000,de,1.00000000,,0,,,,,,
St. Pauli-Fischmarkt,St. Pauli-Fischmarkt,LOC,0.00000000,0.00000000,de,1.00000000,,0,,,,,,
Sturm und Orkanböen,Sturm und Orkanböen,LOC,-1.00000000,0.00000000,de,1.00000000,,0,,,,,,
Südschwarzwald,Südschwarzwald,LOC,0.00000000,0.00000000,de,1.00000000,,3205650,A,47.71022000,8.09118000,EUROPE,Germany,WCE
Nebel,Nebel,LOC,0.00000000,0.00000000,de,1.00000000,,12152659,S,56.37689000,107.07058000,ASIA,Russia,ESB
Baden-Baden,Baden-Baden,LOC,-1.00000000,0.00000000,de,1.00000000,4058282-6,2825297,P,48.78232000,9.17702000,EUROPE,Germany,WCE
Böen…,Böen…,LOC,0.00000000,0.00000000,de,1.00000000,,0,,,,,,
Regenschauer,Regenschauer,LOC,0.00000000,0.00000000,de,1.00000000,,0,,,,,,
Offenbach,Offenbach,LOC,0.00000000,0.00000000,de,1.00000000,4043359-6,2857807,P,50.10061000,8.76647000,EUROPE,Germany,WCE
Verkehrsbehinderungen,Verkehrsbehinderungen,LOC,-1.00000000,0.00000000,de,1.00000000,,0,,,,,,
Herbststürme,Herbststürme,LOC,0.00000000,0.00000000,de,1.00000000,,0,,,,,,
Wetterdienst,Wetterdienst,LOC,0.00000000,0.00000000,de,1.00000000,,0,,,,,,
Sturmböen…,Sturmböen…,LOC,0.00000000,0.00000000,de,1.00000000,,0,,,,,,
Bundesstraßen,Bundesstraßen,LOC,0.00000000,0.00000000,de,1.00000000,,0,,,,,,
B500,B500,LOC,-1.00000000,0.00000000,de,1.00000000,,0,,,,,,
Meteorologen,Meteorologen,LOC,-0.70000000,0.00000000,de,1.00000000,,0,,,,,,
lsw,lsw,LOC,-0.23333333,0.66666667,de,1.00000000,,1214658,P,5.18010000,97.15070000,ASIA,Indonesia,SEA
Haus,Haus,LOC,0.70000000,0.00000000,de,1.00000000,,2550180,L,35.68852000,-5.44414000,EUROPE-AFRICA,Morocco,MED
Auto,Auto,LOC,0.70000000,0.00000000,de,1.00000000,,5880844,P,-14.27500000,-170.62800000,PACIFIC,American Samoa,SPO
Wilhelmshaven,Wilhelmshaven,LOC,-1.00000000,0.00000000,de,1.00000000,4066173-8,2808720,P,53.54760000,8.10395000,EUROPE,Germany,NEU
Sturmtief,Sturmtief,LOC,-1.00000000,0.00000000,de,1.00000000,,0,,,,,,
Stuttgart,Stuttgart,LOC,-0.23333333,0.66666667,de,1.00000000,4058282-6,2825297,P,48.78232000,9.17702000,EUROPE,Germany,WCE
lnw,lnw,LOC,-0.15000000,0.00000000,de,1.00000000,,6953040,S,52.10500000,-3.63200000,EUROPE,United Kingdom,NEU
Düsseldorf,Düsseldorf,LOC,-0.15000000,0.00000000,de,1.00000000,4013255-9,2934246,P,51.22172000,6.77616000,EUROPE,Germany,WCE
Spaziergänger,Spaziergänger,LOC,0.00000000,0.00000000,de,1.00000000,,0,,,,,,
Autobahn 5,Autobahn 5,LOC,-1.00000000,0.00000000,de,1.00000000,,0,,,,,,
Mainz,Mainz,LOC,0.00000000,0.00000000,de,1.00000000,4037124-4,2874225,P,49.98419000,8.27910000,EUROPE,Germany,WCE
Waldbesuchen,Waldbesuchen,LOC,-0.70000000,0.00000000,de,1.00000000,,0,,,,,,
Nordmeer,Nordmeer,LOC,-0.23333333,0.66666667,de,1.00000000,,0,,,,,,
Auswirkungen,Auswirkungen,LOC,0.00000000,0.00000000,de,1.00000000,,0,,,,,,
Schottlands,Schottlands,LOC,0.70000000,0.00000000,de,1.00000000,,0,,,,,,
Sturm Graz,Sturm Graz,LOC,0.00000000,0.00000000,de,1.00000000,,0,,,,,,
Glasgow,Glasgow,LOC,0.00000000,0.00000000,de,1.00000000,4021159-9,2648579,P,55.86515000,-4.25763000,EUROPE,United Kingdom,NEU
Flut,Flut,LOC,0.00000000,0.00000000,de,1.00000000,,2926026,H,51.34669000,11.33460000,EUROPE,Germany,WCE
Brocken,Brocken,LOC,0.00000000,0.00000000,de,1.00000000,4080545-1,10787462,T,-54.48333000,-36.06667000,SOUTHERN,South Georgia and South Sandwich Islands,SOO
Pazifik,Pazifik,LOC,0.00000000,0.00000000,de,1.00000000,,0,,,,,,
Spaniens,Spaniens,LOC,0.00000000,0.00000000,de,1.00000000,,0,,,,,,
Kürze,Kürze,LOC,0.00000000,0.00000000,de,1.00000000,,10385919,S,47.09517000,7.25901000,EUROPE,Switzerland,WCE
Ägypten,Ägypten,LOC,0.00000000,0.00000000,de,1.00000000,4000556-2,357994,A,27.00000000,30.00000000,AFRICA,Egypt,SAH
US-Präsident Trump,US-Präsident Trump,LOC,0.00000000,0.00000000,de,1.00000000,,0,,,,,,
Hollywood,Hollywood,LOC,0.00000000,0.00000000,de,1.00000000,4408912-0,4158928,P,26.01120000,-80.14949000,NORTH-AMERICA,United States,ENA
Murcia,Murcia,LOC,0.00000000,0.00000000,de,1.00000000,4115291-8,2513416,P,37.98704000,-1.13004000,EUROPE-AFRICA,Spain,MED
Alicante,Alicante,LOC,0.00000000,0.00000000,de,1.00000000,4079702-8,2521978,P,38.34517000,-0.48149000,EUROPE-AFRICA,Spain,MED
Valencia,Valencia,LOC,0.00000000,0.00000000,de,1.00000000,4062284-8,3625549,P,10.16153000,-68.00044000,SOUTH-AMERICA,Venezuela,NSA
Tief Alice,Tief Alice,LOC,0.00000000,0.00000000,de,1.00000000,,0,,,,,,
Mannheim,Mannheim,LOC,0.00000000,1.00000000,de,1.00000000,4037372-1,2873891,P,49.48910000,8.46694000,EUROPE,Germany,WCE
Bergsteigerl…,Bergsteigerl…,LOC,-0.70000000,0.00000000,de,1.00000000,,0,,,,,,
Ibizia,Ibizia,LOC,0.00000000,0.00000000,de,1.00000000,,0,,,,,,
Lhasa,Lhasa,LOC,0.00000000,0.00000000,de,1.00000000,4111286-6,1280737,P,29.65000000,91.10000000,ASIA,China,TIB
Kolonien,Kolonien,LOC,0.00000000,1.00000000,de,1.00000000,,2799721,P,51.25113000,5.38591000,EUROPE,Belgium,WCE
Raumschiffen,Raumschiffen,LOC,0.00000000,0.00000000,de,1.00000000,,0,,,,,,
Sonnenwinden,Sonnenwinden,LOC,0.00000000,0.00000000,de,1.00000000,,0,,,,,,
Raumschiffflotte,Raumschiffflotte,LOC,-1.00000000,0.00000000,de,1.00000000,,0,,,,,,
Faustkeilen,Faustkeilen,LOC,0.00000000,0.00000000,de,1.00000000,,0,,,,,,
Kaszab-Olschewski,Kaszab-Olschewski,LOC,0.00000000,0.00000000,de,1.00000000,,0,,,,,,
Beeinträchtigungen,Beeinträchtigungen,LOC,0.00000000,0.00000000,de,1.00000000,,0,,,,,,
Carrington-Ereignis,Carrington-Ereignis,LOC,0.00000000,0.00000000,de,1.00000000,,0,,,,,,
Ermont…,Ermont…,LOC,0.00000000,0.00000000,de,1.00000000,,0,,,,,,
Schwarzwald,Schwarzwald,LOC,0.00000000,0.00000000,de,1.00000000,4034109-4,2881885,P,48.34042000,7.86886000,EUROPE,Germany,WCE
Kap Trafalgar,Kap Trafalgar,LOC,0.00000000,0.00000000,de,1.00000000,4060577-2,3360433,S,-34.08333000,18.51667000,AFRICA,South Africa,WSAF
Ärmelkanal,Ärmelkanal,LOC,-1.40000000,0.00000000,de,1.00000000,4068438-6,2649991,H,50.00000000,-1.00000000,EUROPE,United Kingdom,WCE
Engländer,Engländer,LOC,0.00000000,0.00000000,de,1.00000000,,2930137,S,50.05000000,9.30000000,EUROPE,Germany,WCE
d…,d…,LOC,0.00000000,0.00000000,de,1.00000000,,0,,,,,,
Lebensgefahr,Lebensgefahr,LOC,0.00000000,0.00000000,de,1.00000000,,0,,,,,,
Südtiroler Landesfläche,Südtiroler Landesfläche,LOC,0.23333333,0.00000000,de,1.00000000,,0,,,,,,
Landschaftsverbands Rheinland,Landschaftsverbands Rheinland,LOC,0.00000000,0.00000000,de,1.00000000,,0,,,,,,
Gardasees,Gardasees,LOC,0.00000000,0.00000000,de,1.00000000,,0,,,,,,
Südtirol,Südtirol,LOC,0.00000000,0.00000000,de,1.00000000,4060814-1,3165244,A,46.50000000,11.33333000,EUROPE,Italy,WCE
Italiens,Italiens,LOC,-1.00000000,0.00000000,de,1.00000000,,6116880,H,46.36199000,-74.81286000,NORTH-AMERICA,Canada,ENA
Darmstadt,Darmstadt,LOC,0.00000000,1.00000000,de,1.00000000,4011077-1,2938913,P,49.87167000,8.65027000,EUROPE,Germany,WCE
Sonnensturm,Sonnensturm,LOC,0.00000000,0.00000000,de,1.00000000,,0,,,,,,
Versand,Versand,LOC,0.00000000,0.00000000,de,1.00000000,,7602673,S,52.69467000,9.22937000,EUROPE,Germany,WCE
LVR,LVR,LOC,0.00000000,0.00000000,de,1.00000000,,3462986,P,-13.07127000,-55.91479000,SOUTH-AMERICA,Brazil,SAM
Sturmschäden,Sturmschäden,LOC,0.00000000,0.00000000,de,1.00000000,,0,,,,,,
Westeuropa,Westeuropa,LOC,-1.00000000,0.00000000,de,1.00000000,4079215-8,9408659,L,50.21909000,7.42676000,EUROPE,Germany,WCE
Norddeutschland,Norddeutschland,LOC,-0.70000000,0.00000000,de,1.00000000,4075454-6,11978817,T,51.47087000,6.56787000,EUROPE,Germany,WCE
Tornado-Piloten,Tornado-Piloten,LOC,0.00000000,0.00000000,de,1.00000000,,0,,,,,,
Verisk,Verisk,LOC,-0.70000000,0.00000000,de,1.00000000,,0,,,,,,
Nahrungs…,Nahrungs…,LOC,0.00000000,1.00000000,de,1.00000000,,0,,,,,,
Lim…,Lim…,LOC,0.00000000,0.93333333,de,1.00000000,,0,,,,,,
Bezirken,Bezirken,LOC,0.00000000,1.00000000,de,1.00000000,,0,,,,,,
New York City,New York City,LOC,0.00000000,0.00000000,de,1.00000000,4042011-5,5128581,P,40.71427000,-74.00597000,NORTH-AMERICA,United States,ENA
Kreis Düren,Kreis Düren,LOC,0.00000000,0.00000000,de,1.00000000,4013237-7,2934486,P,50.80434000,6.49299000,EUROPE,Germany,WCE
Nörvenich,Nörvenich,LOC,-0.70000000,0.00000000,de,1.00000000,4042438-8,2861801,P,50.80604000,6.63952000,EUROPE,Germany,WCE
Hanoi,Hanoi,LOC,-0.70000000,0.00000000,de,1.00000000,4094713-0,1581130,P,21.02450000,105.84117000,ASIA,Vietnam,EAS
Black River,Black River,LOC,-0.70000000,0.00000000,de,1.00000000,,934718,A,-20.33333000,57.41667000,INDIAN,Mauritius,SIO
Landstriche,Landstriche,LOC,0.00000000,0.00000000,de,1.00000000,,0,,,,,,
Bermuda-Inselgruppe,Bermuda-Inselgruppe,LOC,0.70000000,0.00000000,de,1.00000000,,0,,,,,,
Wi…,Wi…,LOC,0.00000000,0.00000000,de,1.00000000,,0,,,,,,
Bermudas,Bermudas,LOC,0.00000000,0.00000000,de,1.00000000,4005759-8,3573345,A,32.33022000,-64.74003000,ATLANTIC,Bermuda,NAO
Florida,Florida,LOC,0.00000000,0.00000000,de,1.00000000,4017585-6,12217087,L,26.50000000,-81.00000000,NORTH-AMERICA,United States,ENA
Landkreis Mecklenburgische,Landkreis Mecklenburgische,LOC,0.00000000,0.00000000,de,1.00000000,4101150-8,2864005,P,53.36130000,13.07292000,EUROPE,Germany,WCE
Landkreis Mecklenburgische Seenplatte,Landkreis Mecklenburgische Seenplatte,LOC,0.00000000,0.00000000,de,1.00000000,4101150-8,2864005,P,53.36130000,13.07292000,EUROPE,Germany,WCE
Onshore-Immobilien,Onshore-Immobilien,LOC,-0.70000000,0.00000000,de,1.00000000,,0,,,,,,
Holland Bamboo,Holland Bamboo,LOC,-0.70000000,0.00000000,de,1.00000000,,9682101,T,40.65006000,-73.34162000,NORTH-AMERICA,United States,ENA
Orkanartige Böen,Orkanartige Böen,LOC,-0.70000000,0.00000000,de,1.00000000,,0,,,,,,
Sturm Kurs,Sturm Kurs,LOC,0.00000000,0.00000000,de,1.00000000,,0,,,,,,
Fünf Tote,Fünf Tote,LOC,0.00000000,0.00000000,de,1.00000000,,0,,,,,,
Berlin,Berlin,LOC,0.70000000,0.00000000,de,1.00000000,4005728-8,2950159,P,52.52437000,13.41053000,EUROPE,Germany,WCE
Potsdamer Straße,Potsdamer Straße,LOC,0.70000000,0.00000000,de,1.00000000,,6944099,S,52.50640000,13.37030000,EUROPE,Germany,WCE
World Trade Center,World Trade Center,LOC,0.70000000,0.00000000,de,1.00000000,,6620639,L,28.37190000,-81.54943000,NORTH-AMERICA,United States,ENA
Tower-Inferno,Tower-Inferno,LOC,0.00000000,0.00000000,de,1.00000000,,0,,,,,,
chars,chars,LOC,0.00000000,0.00000000,de,1.00000000,,3026474,P,49.16032000,1.93669000,EUROPE,France,WCE
Provinz Cebu …,Provinz Cebu …,LOC,0.00000000,0.00000000,de,1.00000000,,0,,,,,,
Cebu,Cebu,LOC,0.70000000,0.00000000,de,1.00000000,4323998-5,1717513,T,10.33333000,123.75000000,ASIA,Philippines,SEA
Kolumbusplatz,Kolumbusplatz,LOC,0.00000000,0.00000000,de,1.00000000,,0,,,,,,
Taifun,Taifun,LOC,0.00000000,0.00000000,de,1.00000000,,0,,,,,,
Atlantiks,Atlantiks,LOC,0.00000000,0.00000000,de,1.00000000,,0,,,,,,
Insel,Insel,LOC,-0.70000000,0.00000000,de,1.00000000,,3426468,T,-54.89361000,-36.10250000,SOUTHERN,South Georgia and the South Sandwich Islands,SOO
i…,i…,LOC,0.00000000,0.00000000,de,1.00000000,,0,,,,,,
Manila,Manila,LOC,-1.00000000,0.00000000,de,1.00000000,4037344-7,1701668,P,14.60420000,120.98220000,ASIA,Philippines,SEA
Plasma-Tornados,Plasma-Tornados,LOC,-1.00000000,0.00000000,de,1.00000000,,0,,,,,,
Oberbayern,Oberbayern,LOC,0.00000000,0.00000000,de,1.00000000,4245720-8,2867714,P,48.13743000,11.57549000,EUROPE,Germany,WCE
Neubrandenburg,Neubrandenburg,LOC,0.00000000,0.00000000,de,1.00000000,4041712-8,2866135,P,53.56414000,13.27532000,EUROPE,Germany,WCE
Unfälle,Unfälle,LOC,-1.00000000,0.00000000,de,1.00000000,,0,,,,,,
Nassau,Nassau,LOC,0.00000000,0.00000000,de,1.00000000,4521938-2,3571824,P,25.05823000,-77.34306000,NORTH-AMERICA,Bahamas,ENA
Köln,Köln,LOC,1.00000000,0.00000000,de,1.00000000,4031483-2,2886242,P,50.93333000,6.95000000,EUROPE,Germany,WCE
Inselstaat,Inselstaat,LOC,0.00000000,0.00000000,de,1.00000000,,0,,,,,,
stürmisch,stürmisch,LOC,0.00000000,0.00000000,de,1.00000000,,0,,,,,,
Leipzig,Leipzig,LOC,0.00000000,0.00000000,de,1.00000000,4035206-7,2879139,P,51.33962000,12.37129000,EUROPE,Germany,WCE
sn,sn,LOC,0.00000000,0.00000000,de,1.00000000,4000695-5,6255146,L,7.18810000,21.09375000,AFRICA,Central African Republic,CAF
Sachsen,Sachsen,LOC,0.00000000,0.00000000,de,1.00000000,4051181-9,2842565,A,52.00000000,11.73330000,EUROPE,Germany,WCE
Stundenkilometern,Stundenkilometern,LOC,0.00000000,0.00000000,de,1.00000000,,0,,,,,,
Orkantief,Orkantief,LOC,0.00000000,0.00000000,de,1.00000000,,0,,,,,,
Nord-,Nord-,LOC,0.00000000,0.00000000,de,1.00000000,,12089031,L,45.41224000,11.54639000,EUROPE,Italy,WCE
Jahrhundertsturm,Jahrhundertsturm,LOC,0.00000000,0.00000000,de,1.00000000,,0,,,,,,
Österreicher,Österreicher,LOC,0.00000000,0.00000000,de,1.00000000,,2765976,T,47.60000000,11.86667000,EUROPE,Germany,WCE
Leipz…,Leipz…,LOC,0.00000000,0.00000000,de,1.00000000,,0,,,,,,
Böen fegen,Böen fegen,LOC,0.00000000,0.00000000,de,1.00000000,,0,,,,,,
"Herbstturmtief ""Joshua","Herbstturmtief ""Joshua",LOC,0.00000000,0.00000000,de,1.00000000,,0,,,,,,
Äste,Äste,LOC,0.00000000,0.00000000,de,1.00000000,,0,,,,,,
Freiburg,Freiburg,LOC,0.00000000,0.00000000,de,1.00000000,4018272-1,2925177,P,47.99590000,7.85222000,EUROPE,Germany,WCE
Ostsee,Ostsee,LOC,0.00000000,0.00000000,de,1.00000000,4021328-6,2919765,P,54.83503000,9.55218000,EUROPE,Germany,NEU
Genf,Genf,LOC,0.00000000,0.00000000,de,1.00000000,4020137-5,2660646,P,46.20222000,6.14569000,EUROPE,Switzerland,WCE
Polizeisprecherin,Polizeisprecherin,LOC,-1.00000000,0.00000000,de,1.00000000,,0,,,,,,
Jahrhundert-Sturm Melissa,Jahrhundert-Sturm Melissa,LOC,0.00000000,0.00000000,de,1.00000000,,0,,,,,,
Jamaica,Jamaica,LOC,0.00000000,0.00000000,de,1.00000000,127193-3,3489940,A,18.16667000,-77.25000000,CENTRAL-AMERICA,Jamaica,CAR
offenen Meer,offenen Meer,LOC,-0.15000000,0.00000000,de,1.00000000,,0,,,,,,
Hurrikan Melissa,Hurrikan Melissa,LOC,-0.15000000,0.00000000,de,1.00000000,,0,,,,,,
Perth/Australien,Perth/Australien,LOC,0.00000000,3.00000000,de,1.00000000,4232458-0,2063523,P,-31.95224000,115.86140000,OCEANIA,Australia,SAU
Hurrikans Humberto,Hurrikans Humberto,LOC,0.00000000,0.00000000,de,1.00000000,,0,,,,,,
Petit-Goave,Petit-Goave,LOC,0.00000000,0.00000000,de,1.00000000,,3718962,P,18.43117000,-72.86521000,CENTRAL-AMERICA,Haiti,CAR
Karibikinseln,Karibikinseln,LOC,0.00000000,0.00000000,de,1.00000000,,0,,,,,,
Marokko,Marokko,LOC,-1.85000000,0.00000000,de,1.00000000,4037680-1,2542007,A,28.50000000,-10.00000000,AFRICA,Morocco,SAH
Díaz-Canel,Díaz-Canel,LOC,-0.70000000,0.00000000,de,1.00000000,,0,,,,,,
Kubas,Kubas,LOC,-1.00000000,0.00000000,de,1.00000000,,1517880,P,42.48578000,70.29601000,ASIA,Kazakhstan,WCA
Santiago de Cuba,Santiago de Cuba,LOC,-1.00000000,0.00000000,de,1.00000000,4118415-4,3536729,P,20.02287000,-75.82171000,CENTRAL-AMERICA,Cuba,CAR
Landfall,Landfall,LOC,0.00000000,0.00000000,de,1.00000000,,6636606,T,-72.00000000,-102.00000000,POLAR,Antarctica,WAN
Live-Karte,Live-Karte,LOC,-1.00000000,0.00000000,de,1.00000000,,0,,,,,,
Kat…,Kat…,LOC,-0.60000000,0.00000000,de,1.00000000,,0,,,,,,
Polizeiwache,Polizeiwache,LOC,0.00000000,0.00000000,de,1.00000000,,11001843,S,49.40924000,8.69356000,EUROPE,Germany,WCE
Tornado-Wellen,Tornado-Wellen,LOC,0.00000000,0.00000000,de,1.00000000,,0,,,,,,
Tarn-et-Garonne,Tarn-et-Garonne,LOC,0.00000000,0.00000000,de,1.00000000,,2973357,A,44.00000000,1.16667000,EUROPE-AFRICA,France,MED
